received_utc,sequence,doback_timestamp_utc,orientation.calibrated,orientation.roll_deg,orientation.pitch_deg,orientation.yaw_deg,orientation.raw_roll_deg,orientation.raw_pitch_deg,orientation.raw_yaw_deg,measurement.ax,measurement.ay,measurement.az,measurement.gx,measurement.gy,measurement.gz,measurement.roll,measurement.pitch,measurement.yaw,measurement.timeantwifi,measurement.usciclo1,measurement.usciclo2,measurement.usciclo3,measurement.usciclo4,measurement.usciclo5,measurement.si,measurement.accmag,measurement.microsds,measurement.k3,gps.valid,gps.gps_timestamp_utc,gps.delta_ms,gps.latitude,gps.longitude,gps.fix_type,gps.num_sats,physics.configured,physics.mass_kg,physics.track_width_m,physics.cg_height_m,physics.roll_inertia_kg_m2,physics.d1_m,physics.ixx_kg_m2,physics.fic_deg,physics.coeff_si,physics.alfa_deg
2026-09-29T09:17:50.604221+00:00,970,2026-09-28T15:09:32.991917Z,True,-0.00999999999999091,0.0200000000000102,2.89999999999998,-1.07,-1.22,764.67,5.49,-3.66,1015.77,-69.65,-62.21,248.85,-1.07,-1.22,764.67,3374824169,19998,19999,19999,20000,19998,0.95,1015.79,314948,0.75,False,,0,0,0,0,0,False,0,0,0,0,0,0,0,0,0
2026-09-29T09:17:50.617555+00:00,971,2026-09-28T15:09:33.005590Z,True,-0.0200000000000102,0.0200000000000102,2.92000000000007,-1.08,-1.22,764.69,6.47,-3.66,1016.02,-17.15,-123.46,279.48,-1.08,-1.22,764.69,3375064451,20030,19970,19998,19828,20000,0.95,1016.04,308686,0.75,False,,0,0,0,0,0,False,0,0,0,0,0,0,0,0,0
2026-09-29T09:17:50.628858+00:00,972,2026-09-28T15:09:33.022217Z,True,-0.0200000000000102,0.0200000000000102,2.95000000000005,-1.08,-1.22,764.72,6.47,-3.66,1016.02,-65.27,-123.46,248.85,-1.08,-1.22,764.72,3375164549,20001,19998,19999,19999,19998,0.95,1016.04,308686,0.75,False,,0,0,0,0,0,False,0,0,0,0,0,0,0,0,0
2026-09-29T09:17:50.663425+00:00,973,2026-09-28T15:09:33.035986Z,True,-0.0200000000000102,0.0200000000000102,2.98000000000002,-1.08,-1.22,764.75,6.47,-3.66,1015.89,-65.27,-97.21,275.1,-1.08,-1.22,764.75,3375264687,20009,19999,19994,19998,19998,0.95,1015.92,308686,0.75,False,,0,0,0,0,0,False,0,0,0,0,0,0,0,0,0
2026-09-29T09:17:50.664414+00:00,974,2026-09-28T15:09:33.052601Z,True,-0.0200000000000102,0.0200000000000102,3.00999999999999,-1.08,-1.22,764.78,6.59,-3.66,1015.77,-82.77,-62.21,257.6,-1.08,-1.22,764.78,3375364815,20000,19998,19999,20000,19998,0.94,1015.8,308686,0.75,False,,0,0,0,0,0,False,0,0,0,0,0,0,0,0,0
2026-09-29T09:17:50.683042+00:00,975,2026-09-28T15:09:33.066337Z,True,-0.0200000000000102,0.0200000000000102,3.02999999999997,-1.08,-1.22,764.8,6.59,-3.66,1015.77,-69.65,-110.34,257.6,-1.08,-1.22,764.8,3375464597,20000,19998,20000,19999,19998,0.94,1015.8,308686,0.75,False,,0,0,0,0,0,False,0,0,0,0,0,0,0,0,0
2026-09-29T09:17:50.690390+00:00,976,2026-09-28T15:09:33.082896Z,True,-0.0200000000000102,0.0200000000000102,3.06000000000006,-1.08,-1.22,764.83,6.71,-3.66,1015.89,-117.77,-110.34,261.98,-1.08,-1.22,764.83,3375564725,19999,20000,19999,19998,20000,0.94,1015.92,308686,0.75,False,,0,0,0,0,0,False,0,0,0,0,0,0,0,0,0
2026-09-29T09:17:50.709108+00:00,977,2026-09-28T15:09:33.096719Z,True,-0.0200000000000102,0.0200000000000102,3.08000000000004,-1.08,-1.22,764.85,6.71,-3.66,1016.02,-43.4,-105.96,218.23,-1.08,-1.22,764.85,3375664832,20001,19997,20000,19999,19998,0.94,1016.04,308686,0.75,False,,0,0,0,0,0,False,0,0,0,0,0,0,0,0,0
2026-09-29T09:17:50.719464+00:00,978,2026-09-28T15:09:33.113306Z,True,-0.0200000000000102,0.0200000000000102,3.11000000000001,-1.08,-1.22,764.88,6.83,-3.66,1016.02,-104.65,-57.84,235.73,-1.08,-1.22,764.88,3375764927,19999,20000,19998,19999,20000,0.94,1016.05,308686,0.75,False,,0,0,0,0,0,False,0,0,0,0,0,0,0,0,0
2026-09-29T09:17:50.784581+00:00,979,2026-09-28T15:09:33.127029Z,True,-0.0200000000000102,0.0200000000000102,3.13999999999999,-1.08,-1.22,764.91,6.47,-3.66,1015.77,-65.27,-136.59,296.98,-1.08,-1.22,764.91,3375864978,19998,20036,19963,20000,19998,0.95,1015.8,308686,0.75,False,,0,0,0,0,0,False,0,0,0,0,0,0,0,0,0
2026-09-29T09:17:51.746427+00:00,980,2026-09-28T15:09:34.132135Z,True,-0.0200000000000102,0.0200000000000102,3.15999999999997,-1.08,-1.22,764.93,6.59,-3.66,1015.77,-30.27,-79.71,226.98,-1.08,-1.22,764.93,3375964143,19999,19999,20001,19997,20000,0.94,1015.8,308686,0.75,False,,0,0,0,0,0,False,0,0,0,0,0,0,0,0,0
2026-09-29T09:17:51.754429+00:00,981,2026-09-28T15:09:34.145935Z,True,-0.00999999999999091,0.0200000000000102,3.19000000000005,-1.07,-1.22,764.96,6.34,-3.54,1015.89,-52.15,51.54,279.48,-1.07,-1.22,764.96,3376204454,19998,20000,19998,19653,20000,0.95,1015.92,308764,0.75,False,,0,0,0,0,0,False,0,0,0,0,0,0,0,0,0
2026-09-29T09:17:51.769127+00:00,982,2026-09-28T15:09:34.162424Z,True,-0.00999999999999091,0.0200000000000102,3.22000000000003,-1.07,-1.22,764.99,6.34,-3.66,1015.77,-100.27,3.41,270.73,-1.07,-1.22,764.99,3376304494,19999,19999,19999,19999,19999,0.95,1015.8,308764,0.75,False,,0,0,0,0,0,False,0,0,0,0,0,0,0,0,0
2026-09-29T09:17:51.783787+00:00,983,2026-09-28T15:09:34.176282Z,True,-0.0200000000000102,0.0200000000000102,3.25,-1.08,-1.22,765.02,6.1,-3.54,1015.77,-95.9,20.91,261.98,-1.08,-1.22,765.02,3376404562,19999,19998,20000,19998,19999,0.95,1015.8,308764,0.75,False,,0,0,0,0,0,False,0,0,0,0,0,0,0,0,0
2026-09-29T09:17:51.799459+00:00,984,2026-09-28T15:09:34.192792Z,True,-0.0200000000000102,0.0200000000000102,3.26999999999998,-1.08,-1.22,765.04,6.22,-3.54,1015.77,-69.65,55.91,266.35,-1.08,-1.22,765.04,3376504512,20000,19999,19998,20000,19998,0.95,1015.8,308764,0.75,False,,0,0,0,0,0,False,0,0,0,0,0,0,0,0,0
2026-09-29T09:17:51.813440+00:00,985,2026-09-28T15:09:34.206582Z,True,-0.0200000000000102,0.0200000000000102,3.30000000000007,-1.08,-1.22,765.07,6.1,-3.42,1015.65,-52.15,34.04,218.23,-1.08,-1.22,765.07,3376604873,19999,20000,19999,20001,19997,0.95,1015.67,308764,0.75,False,,0,0,0,0,0,False,0,0,0,0,0,0,0,0,0
2026-09-29T09:17:51.831438+00:00,986,2026-09-28T15:09:34.223242Z,True,-0.0200000000000102,0.0200000000000102,3.33000000000004,-1.08,-1.22,765.1,6.1,-3.42,1015.77,-60.9,34.04,240.1,-1.08,-1.22,765.1,3376704735,20000,19998,20000,19998,20000,0.95,1015.8,308764,0.75,False,,0,0,0,0,0,False,0,0,0,0,0,0,0,0,0
2026-09-29T09:17:51.848759+00:00,987,2026-09-28T15:09:34.236975Z,True,-0.0200000000000102,0.0300000000000011,3.35000000000002,-1.08,-1.21,765.12,6.1,-3.54,1015.77,-74.02,34.04,226.98,-1.08,-1.21,765.12,3376804829,19998,20000,19999,19998,20000,0.95,1015.8,308764,0.75,False,,0,0,0,0,0,False,0,0,0,0,0,0,0,0,0
2026-09-29T09:17:51.865757+00:00,988,2026-09-28T15:09:34.253587Z,True,-0.0200000000000102,0.0300000000000011,3.38,-1.08,-1.21,765.15,5.98,-3.42,1015.89,-25.9,-22.84,257.6,-1.08,-1.21,765.15,3376905239,19998,20000,19998,20000,19998,0.95,1015.92,308764,0.75,False,,0,0,0,0,0,False,0,0,0,0,0,0,0,0,0
2026-09-29T09:17:51.876538+00:00,989,2026-09-28T15:09:34.268158Z,True,-0.0200000000000102,0.0300000000000011,3.40999999999997,-1.08,-1.21,765.18,6.34,-3.54,1016.02,-56.52,-22.84,235.73,-1.08,-1.21,765.18,3377005007,20000,19998,20000,19998,20000,0.95,1016.04,308764,0.75,False,,0,0,0,0,0,False,0,0,0,0,0,0,0,0,0
2026-09-29T09:17:52.884005+00:00,990,2026-09-28T15:09:35.274961Z,True,-0.0300000000000011,0.0300000000000011,3.44000000000005,-1.09,-1.21,765.21,6.22,-3.42,1015.77,-100.27,47.16,240.1,-1.09,-1.21,765.21,3377104345,19998,20000,19998,20002,19997,0.95,1015.8,308764,0.75,False,,0,0,0,0,0,False,0,0,0,0,0,0,0,0,0
2026-09-29T09:17:52.905943+00:00,991,2026-09-28T15:09:35.288814Z,True,-0.0300000000000011,0.0300000000000011,3.46000000000004,-1.09,-1.21,765.23,5.37,-3.78,1015.77,-52.15,-149.71,257.6,-1.09,-1.21,765.23,3377344422,20000,19998,20000,19161,20023,0.95,1015.79,309031,0.75,False,,0,0,0,0,0,False,0,0,0,0,0,0,0,0,0
2026-09-29T09:17:52.913086+00:00,992,2026-09-28T15:09:35.305309Z,True,-0.0200000000000102,0.0300000000000011,3.49000000000001,-1.08,-1.21,765.26,5.49,-3.9,1015.89,-78.4,-158.46,226.98,-1.08,-1.21,765.26,3377444393,20031,19946,19999,19999,19999,0.95,1015.92,309031,0.75,False,,0,0,0,0,0,False,0,0,0,0,0,0,0,0,0
2026-09-29T09:17:52.926464+00:00,993,2026-09-28T15:09:35.319122Z,True,-0.0200000000000102,0.0300000000000011,3.50999999999999,-1.08,-1.21,765.28,5.49,-3.9,1015.65,-43.4,-189.09,218.23,-1.08,-1.21,765.28,3377544567,19998,20000,19998,20000,19998,0.95,1015.67,309031,0.75,False,,0,0,0,0,0,False,0,0,0,0,0,0,0,0,0
2026-09-29T09:17:52.949644+00:00,994,2026-09-28T15:09:35.335616Z,True,-0.0200000000000102,0.0300000000000011,3.53999999999996,-1.08,-1.21,765.31,5.37,-3.9,1015.77,-87.15,-140.96,240.1,-1.08,-1.21,765.31,3377644546,20000,20001,19998,19998,20000,0.95,1015.79,309031,0.75,False,,0,0,0,0,0,False,0,0,0,0,0,0,0,0,0
2026-09-29T09:17:52.959667+00:00,995,2026-09-28T15:09:35.349417Z,True,-0.00999999999999091,0.0300000000000011,3.57000000000005,-1.07,-1.21,765.34,5.61,-3.9,1015.65,-39.02,-123.46,253.23,-1.07,-1.21,765.34,3377744901,19998,20000,19998,20000,19998,0.95,1015.67,309031,0.75,False,,0,0,0,0,0,False,0,0,0,0,0,0,0,0,0
2026-09-29T09:17:52.967891+00:00,996,2026-09-28T15:09:35.366007Z,True,-0.00999999999999091,0.0300000000000011,3.59000000000003,-1.07,-1.21,765.36,5.61,-3.78,1015.89,-69.65,-171.59,261.98,-1.07,-1.21,765.36,3377844740,20000,19998,20000,19998,20000,0.95,1015.92,309031,0.75,False,,0,0,0,0,0,False,0,0,0,0,0,0,0,0,0
2026-09-29T09:17:52.985497+00:00,997,2026-09-28T15:09:35.379855Z,True,-0.00999999999999091,0.0300000000000011,3.62,-1.07,-1.21,765.39,5.61,-3.78,1015.89,-60.9,-149.71,248.85,-1.07,-1.21,765.39,3377945066,20019,19980,19999,19998,19999,0.95,1015.92,309031,0.75,False,,0,0,0,0,0,False,0,0,0,0,0,0,0,0,0
2026-09-29T09:17:53.007603+00:00,998,2026-09-28T15:09:35.396339Z,True,-0.00999999999999091,0.0300000000000011,3.64999999999998,-1.07,-1.21,765.42,5.61,-3.66,1015.89,-52.15,-119.09,257.6,-1.07,-1.21,765.42,3378044930,20000,19999,19998,20000,19998,0.95,1015.92,309031,0.75,False,,0,0,0,0,0,False,0,0,0,0,0,0,0,0,0
2026-09-29T09:17:53.025675+00:00,999,2026-09-28T15:09:35.410136Z,True,0,0.0300000000000011,3.67000000000007,-1.06,-1.21,765.44,5.37,-3.78,1015.77,-60.9,-167.21,222.6,-1.06,-1.21,765.44,3378145347,19999,20002,19997,20000,19998,0.95,1015.79,309031,0.75,False,,0,0,0,0,0,False,0,0,0,0,0,0,0,0,0
2026-09-29T09:17:54.023601+00:00,1000,2026-09-28T15:09:36.414708Z,True,0,0.0300000000000011,3.70000000000005,-1.06,-1.21,765.47,5.37,-3.66,1015.77,-56.52,-140.96,279.48,-1.06,-1.21,765.47,3378244219,20000,19998,20000,19998,20000,0.95,1015.79,309031,0.75,False,,0,0,0,0,0,False,0,0,0,0,0,0,0,0,0
2026-09-29T09:17:54.035012+00:00,1001,2026-09-28T15:09:36.428426Z,True,0,0.0300000000000011,3.72000000000003,-1.06,-1.21,765.49,7.08,-3.42,1016.02,-52.15,25.29,240.1,-1.06,-1.21,765.49,3378484465,19998,20000,20004,16394,20000,0.94,1016.05,311545,0.75,False,,0,0,0,0,0,False,0,0,0,0,0,0,0,0,0
2026-09-29T09:17:54.052631+00:00,1002,2026-09-28T15:09:36.445145Z,True,0,0.0300000000000011,3.75,-1.06,-1.21,765.52,6.83,-3.42,1015.89,-25.9,38.41,248.85,-1.06,-1.21,765.52,3378584385,19999,20079,19920,19999,20002,0.94,1015.92,311545,0.75,False,,0,0,0,0,0,False,0,0,0,0,0,0,0,0,0
2026-09-29T09:17:54.070143+00:00,1003,2026-09-28T15:09:36.458794Z,True,0,0.0300000000000011,3.77999999999997,-1.06,-1.21,765.55,6.83,-3.42,1015.77,-91.52,16.54,266.35,-1.06,-1.21,765.55,3378684717,19996,20000,19998,20000,19998,0.94,1015.8,311545,0.75,False,,0,0,0,0,0,False,0,0,0,0,0,0,0,0,0
2026-09-29T09:17:54.083471+00:00,1004,2026-09-28T15:09:36.475374Z,True,0,0.0300000000000011,3.80000000000007,-1.06,-1.21,765.57,6.83,-3.42,1015.89,-30.27,34.04,270.73,-1.06,-1.21,765.57,3378784678,20092,19933,19972,19999,20000,0.94,1015.92,311545,0.75,False,,0,0,0,0,0,False,0,0,0,0,0,0,0,0,0
2026-09-29T09:17:54.106050+00:00,1005,2026-09-28T15:09:36.489208Z,True,0,0.039999999999992,3.83000000000004,-1.06,-1.2,765.6,6.83,-3.42,1015.77,-91.52,64.66,235.73,-1.06,-1.2,765.6,3378884940,19999,19998,20000,19998,19999,0.94,1015.8,311545,0.75,False,,0,0,0,0,0,False,0,0,0,0,0,0,0,0,0
2026-09-29T09:17:54.111058+00:00,1006,2026-09-28T15:09:36.505717Z,True,0,0.039999999999992,3.85000000000002,-1.06,-1.2,765.62,6.83,-3.54,1015.77,-82.77,-5.34,244.48,-1.06,-1.2,765.62,3378985004,20000,19999,19998,20041,19959,0.94,1015.8,311545,0.75,False,,0,0,0,0,0,False,0,0,0,0,0,0,0,0,0
2026-09-29T09:17:54.129275+00:00,1007,2026-09-28T15:09:36.519498Z,True,-0.00999999999999091,0.039999999999992,3.88,-1.07,-1.2,765.65,6.71,-3.54,1015.77,-52.15,42.79,292.6,-1.07,-1.2,765.65,3379084757,19999,19998,20000,19998,20002,0.94,1015.8,311545,0.75,False,,0,0,0,0,0,False,0,0,0,0,0,0,0,0,0
2026-09-29T09:17:54.148362+00:00,1008,2026-09-28T15:09:36.536114Z,True,-0.00999999999999091,0.039999999999992,3.89999999999998,-1.07,-1.2,765.67,6.83,-3.54,1015.77,-34.65,38.41,235.73,-1.07,-1.2,765.67,3379185196,19997,20000,19998,20000,20005,0.94,1015.8,311545,0.75,False,,0,0,0,0,0,False,0,0,0,0,0,0,0,0,0
2026-09-29T09:17:54.179814+00:00,1009,2026-09-28T15:09:36.550850Z,True,-0.00999999999999091,0.039999999999992,3.93000000000006,-1.07,-1.2,765.7,7.08,-3.42,1015.89,-87.15,-22.84,261.98,-1.07,-1.2,765.7,3379285038,19994,19998,20000,19998,20000,0.94,1015.92,311545,0.75,False,,0,0,0,0,0,False,0,0,0,0,0,0,0,0,0
